iDIToBFIBZ@gmail.com,9hIiPTO5AiuWKV_,
sEeTMbwfwb@gmail.com,Iy3EpelQCHHErP_,
pfiEBAoaef@gmail.com,WKVRp5CPSSPB04_,
YSVXFLhjrW@gmail.com,U3yHZwAAGvOEJ0_,
NUzrMktBGW@gmail.com,O5d6QDXSzJVNCw_,
LHEbVfxgcV@gmail.com,oAMdGWYKXCWLxi_,
HhADcibeCU@gmail.com,XJOOWaKQRDdVEW_,
aCtVJvNuFq@gmail.com,UPMvqkrXFPWrWB_,
eBpmvFaPrE@gmail.com,GpZRMhE4HeUfNl_,
HQsPUWzlUw@gmail.com,PTXWfOKUL9rDWL_,
lTtMxxvdAe@gmail.com,sTQmVTCoGJne1V_,
YKvuNBiVTn@gmail.com,XWKw66rP8AtOEd_,
ClvJIIsiNX@gmail.com,AYVJmU19fR1cEX_,
juhGjNvGCL@gmail.com,VUuHpHxmEolEty_,
vYGRtENUzc@gmail.com,L0IIhRt6aBrjFO_,
vyuXWpwDgx@gmail.com,0S1DHFrDXEBXJS_,
xGbnUPpdzB@gmail.com,HTmoWpWg47nAMy_,
mBXfVOyXyp@gmail.com,JgYnGOVhsnn3fS_,
HyfjNZJGpC@gmail.com,SFQUhdJvMSvMLC_,
ofHGcBFAcq@gmail.com,Q9yMEpHMH6DUXl_,
VgyodxQkLt@gmail.com,hSZVClaZpXlA67_,
gXvmqFapzu@gmail.com,31OGDPIGJSPnRN_,
dYzMJrLTPj@gmail.com,XSVUQwfXULC87R_,
WSmxyVRycp@gmail.com,GdZxvb6QVHO8cD_,
VRVgSRqZiY@gmail.com,xIYkcWSITrFa8W_,
FhmWbhDEfN@gmail.com,NUW61GAxpiyHY8_,
iDmsDwXVlW@gmail.com,4EGPMRmBUQcJe7_,
dmhrBUxdXM@gmail.com,MTOp0W93ObubsL_,
CeMiRgJZJO@gmail.com,cVL7ktwKUqsRk5_,
COTFvhOELV@gmail.com,gV0wc75U5XeCkW_,
FVfruIZMoZ@gmail.com,iHyoMFCRFpU5DT_,
fkbImGIewO@gmail.com,oBMx4NnvPEEXcE_,
zPmVmrBLKj@gmail.com,yB975GY1jY32MY_,
rGOdSjzHxv@gmail.com,yOptCjadbMRDQM_,
jbUgJUddCU@gmail.com,4dHodK4LYLGTat_,
ECCxNrppWv@gmail.com,VKb6Ye6LFSI5BF_,
AaTxYuAqJy@gmail.com,PI3BLETjIAOGkT_,
psjJRzRhkO@gmail.com,63QRBEUGqp9NuQ_,
ZbneVUqXov@gmail.com,QBJMOSIdeT0jTx_,
KrPrUYwdhE@gmail.com,lNWaUw4N8uRSVD_,
VkSvnYuUPQ@gmail.com,hjJ4Bflq49xtyV_,
BDOktigwII@gmail.com,ZTmbFDBzDWeBsG_,
EsHFqTtiBu@gmail.com,RBTJBo4VSY2GTD_,
bohZcrOXwL@gmail.com,PJ3OGVRcF7fMfo_,
lriSyvbOFH@gmail.com,qkqYETpCpFc8da_,
NIeIHbdZkh@gmail.com,dCXYU9q9LjMMYP_,
nwWukVSlSf@gmail.com,ObTKgYzYGQQFBC_,
ApgqzUxLqk@gmail.com,C2GLKlF5PVDKWc_,
STrSLYhZcW@gmail.com,SNCMrXUoJAKiRy_,
PKannNMmxt@gmail.com,CBCpJ1EUnB7rWV_,
XIGVQVCAjn@gmail.com,MuTJEEoWQpJRpR_,
hdfLbFqCrh@gmail.com,VJNnTyCmEX448G_,
UxRAcXdUdS@gmail.com,OcHovFDMiuyboR_,
gCHYTebkPU@gmail.com,UdMvSPXIOYPCLE_,
NENQiAfZqc@gmail.com,xpGG2GxMG4XZpR_,
UhEYKnHlAC@gmail.com,zoNDHWH0tsKUfm_,
qzDSJNyyOT@gmail.com,cEOGGCMyuyysVF_,
aCzboaTQVA@gmail.com,ZpFxeIOWL6HDOE_,
ugOhHXLdhI@gmail.com,AagZ8PYArGqY6T_,
aVFhoYDmRk@gmail.com,WgokVg0ZpGGTk8_,
mjZxrSIzZL@gmail.com,zYdJQWTO9DIn5S_,
YplSsDAmjM@gmail.com,uBFzlxhIMhKlXv_,
okBkpXNVMt@gmail.com,QtfBTYfxqnA9VG_,
IJHMctdXps@gmail.com,PWVACXYGf0IvT2_,
RIeVELeyVs@gmail.com,DnCTJHYWjHRnJr_,
lNNWqNitdD@gmail.com,Dt12sZWUdOj1rI_,
axLbhlDJNW@gmail.com,5ME0kF2XbTORBa_,
lOrQNjMJeh@gmail.com,s2NCHXbOXUUcrT_,
HhhgrdsbiU@gmail.com,dGOH6UFRHPMSnV_,
AIsRdvXZud@gmail.com,kDNMNDaHcRU2Yl_,
fPmBAaoWSj@gmail.com,vZ3xUINfWuZJT6_,
yZcEqAOuui@gmail.com,9lCFTcg2RZKBIX_,
rHGsilpEIr@gmail.com,t3KX0QGmOOnmqr_,
NzscrosGpO@gmail.com,RYOtXUO4WBVGQo_,
zYRVPSZGdO@gmail.com,TJHBPDMapfjWJP_,
pvQHuVZgfX@gmail.com,6LKHuLOjYCbAnS_,
fXLINXidWp@gmail.com,gUoKxnY5HBcGnC_,
qdRAeHwMnl@gmail.com,TUuoefiEX2KOMc_,
IuyZpBhacS@gmail.com,6Jm0TwM8SGqsOj_,
YBUsVnNgVR@gmail.com,YQZCqRcZooSjQC_,
AcNxBKYJMT@gmail.com,CjbfDfSHHVWL9V_,
tehckWmtbg@gmail.com,ALGbiKYUSYDZgn_,
uIyGOeczuL@gmail.com,Ow5BJNxkLJELsK_,
OjCLJUTkTs@gmail.com,GoW1tkPMU6hqQU_,
jIDzfXFdyl@gmail.com,RWC0r6VL5dgKIZ_,
mKiuPbYkOd@gmail.com,lcFD1guX68WqFU_,
WZfNbfuOjs@gmail.com,DNMHlOY7DoXP2O_,
TZmEnMCgJC@gmail.com,5WaAWMO6wA66YF_,
DxpdYZQvlt@gmail.com,NuSVWjmEonCBUj_,
NSFpVqxuyU@gmail.com,B0fyEVjFTBYHwF_,
ISjAlOjuae@gmail.com,0zlYyOgyCMEHIS_,
goXXpZXYIn@gmail.com,MzLH65VMFZ32zW_,
EWzcYjNVyw@gmail.com,rlXNXCuMWICZkd_,
PczaYyrakp@gmail.com,0ExPFCJYF2hPMS_,
AIhxCIdHat@gmail.com,SFERSIJDI6pPBU_,
tTnXeZLvZJ@gmail.com,eOiAWVnfRNJWGd_,
HTbcSnKELF@gmail.com,0GWV37EiwBDuIC_,
FpIdmgRpbW@gmail.com,GbELqXTbWBCxJN_,
WmNcKfoEKf@gmail.com,jkESYEdNNQWhrd_,
yRvEXMvuQb@gmail.com,7wX6xJw9UVIdGX_,
sTRFgkXimP@gmail.com,cfQt3NNQ10R5sP_,
VHKIoxexAg@gmail.com,mzECgGWCMOKXCt_,
YyXZFleJQO@gmail.com,RRowDPHGVFp5AM_,
MYmyuBBSWe@gmail.com,S91Zm6PYyYQo5z_,
MjOmRmAWai@gmail.com,o0vsAyI4wNmrEy_,
RWUCKhsnjo@gmail.com,LUlfGAf6HwD1De_,
iBWUlfDUpW@gmail.com,MurYzEZZVk8Ywu_,
eKWqjatvzj@gmail.com,PY6NxhPYLCX1Gt_,
YXyjBhBjop@gmail.com,EpWlNXPGYDEkPA_,
RRDxftiFoZ@gmail.com,zoIUdxNCQCGULf_,
EDXKdgVaQM@gmail.com,UEFQGlD9iDOVOe_,
NDoLYRqvis@gmail.com,NjOKjXdkPHOZXl_,
sSMrfeNKKj@gmail.com,yWGWTe2JCtPwEE_,
UmHNOfSYPg@gmail.com,lYGKXGnXgPFNHM_,
CGjjEaxdUq@gmail.com,4ExOwlDtZNIkbJ_,
TUJYEapZfv@gmail.com,pGQCYMv3IteILI_,
ofmsxahPEk@gmail.com,BCQHg5CS45WEyR_,
kbktFngLYI@gmail.com,n2IVGBERSHqKG7_,
gnQIPcsniq@gmail.com,AGxnU8y0IqQOhO_,
bmBIKLJtax@gmail.com,RJbOMHOZAMBQGR_,
YfYtTYiQMM@gmail.com,7CAF1hHwJ0RQDJ_,
cNMiKFHUsp@gmail.com,cJnrMT1QZnE1hV_,
RVmGeiPSKM@gmail.com,BAPjGJDwVydLMd_,
mbRtFtLAkB@gmail.com,OuYKHJgYZ4K9R6_,
fppXDJaINF@gmail.com,0O2Q9EIuCGYAF9_,
vEfuJOnMeh@gmail.com,PJWP7JRFJktAOI_,
sfDOGUmpDt@gmail.com,LSERbPZVE8FKcz_,
oyIXkNtLmI@gmail.com,bC1X57DzNWBLXP_,
UQORIGqSgy@gmail.com,PyWCJlUieDONSN_,
LMpOyKXUkD@gmail.com,XBUJDFQmBHCApR_,
DqYZZCumYK@gmail.com,gbQWpPNnJECLIN_,
xzWPjtxMXa@gmail.com,yVElCwGMauTiSR_,
eJZBTTzcHK@gmail.com,qVgOpSuRKjRUYW_,
EwMMJDmJXV@gmail.com,bn3MIpTKoUJiqB_,
ZYOuMOWsDZ@gmail.com,CLOYm9WMbaenZO_,
HDhnGMfddy@gmail.com,HfEU4tRAeTZXSI_,
xtnRNHeXqG@gmail.com,YWZgOtaAQQCUYz_,
euyuTVwqLN@gmail.com,YGYbriXS22HAoS_,
KWDpKipQne@gmail.com,UtWuWRTeHuPDJD_,
wkcFuQBgby@gmail.com,JANCRT7QAjiieC_,
DtWYmXSSFr@gmail.com,EAFXlNAJsjMNQJ_,
USLLVaqyzg@gmail.com,ROZ6lZHWoZdNtV_,
VnBtyCVlnp@gmail.com,U2orHCGM1ArFCV_,
yGcPggtEri@gmail.com,hOfmPEoTAxk2lS_,
bqsvuVGUcA@gmail.com,P3fs3uLHtJLGl6_,
qaZYLaGPrQ@gmail.com,GK1oMBs3B3QKJn_,
APQomsXsmL@gmail.com,JZ7ZbENl0KE2d7_,
hJhDotdbwG@gmail.com,YUnf2DId8qzalw_,
GVRxaDLvpd@gmail.com,WYC6CTIcyIJqui_,
gOhmrXTqNi@gmail.com,NZoLWMVuBucZJY_,
FbezkjgORP@gmail.com,LaKIYe9YOSBMZp_,
jjRWfpoWKl@gmail.com,nFGXcLS8yEZJcM_,
PDyLyhURrl@gmail.com,SCCSvDNwVUoZc0_,
dBVRvHoQYN@gmail.com,WxtqwJA8UwFEVA_,
rRwOpdmIWg@gmail.com,WIUFKSMTSZe6Yt_,
CyDGcOfLor@gmail.com,LeHpMD4MNTiPsW_,
IeTAJElgDR@gmail.com,zVUYYMW9GEgYEv_,
iyiLpxVIqz@gmail.com,U3YTkMYfJbGiBj_,
JgETmAJCaP@gmail.com,ayYa7lUOLhKpZY_,
okydZSJHQf@gmail.com,EZRMYQiIDp9lMF_,
zBgnZNNmSv@gmail.com,nWvYAJQPx8HdNF_,
aTMpOcsfzM@gmail.com,IM1qXGx3bB8ICc_,
xlwqKkdNmc@gmail.com,fX2KuMWXEQiEJN_,
KlMiAfnKkU@gmail.com,ZGZldAIM9D9sK0_,
IMEPtZLueH@gmail.com,IQcExMTGYaFGSo_,
mXmtFvbsuu@gmail.com,CIydZcXw58bAs7_,
ZLLRKOTbAj@gmail.com,DAPwyFkQOa3OWS_,
OWczAluoCA@gmail.com,a2QE5Q4RQQiiTz_,
kUKdtBiyDO@gmail.com,sXE8IVSSAecMlz_,
cbOfaqHvRZ@gmail.com,oQBWfICEPDRxLy_,
MEyGdswBRF@gmail.com,xDgQGZASYcOOq9_,
jhYqbYIXeV@gmail.com,yPfB1BQYgPqzkM_,
APkiPaNZvI@gmail.com,HwFHJ8IFdXBcLA_,
LYxprgbyAN@gmail.com,EMLRWeQN6QQNRJ_,
BikAgaJcMt@gmail.com,hGVaGONO9hejTr_,
tPWxsLgvjt@gmail.com,BhcgDURQT7TD8K_,
ipeourLSZG@gmail.com,DPkGrwpv2bwVDz_,
RmtctnQUPh@gmail.com,YzP3cByQLj6RHf_,
CcqVhjMWyw@gmail.com,BHdA9lv10ANXpE_,
GcFYFvhyUp@gmail.com,pCTaOL6TrtR7vC_,
PqoCPCaVcp@gmail.com,LzsVmN24K3ayPH_,
KzBeeuUyjr@gmail.com,YHAECOPFbHGt1H_,
LioYxFpVFp@gmail.com,LHYFYELQKoENqG_,
HWRrAbQkzU@gmail.com,xOdzOBrWoSIccM_,
BCUCgLvdnZ@gmail.com,aN27EUHNP3pSTS_,
swmefoVhMS@gmail.com,ZIp9Bqp3jR0BKU_,
JmMoBDrSxk@gmail.com,JWjZqYVr9M8gDG_,
EflcYcFXvB@gmail.com,NUJJjWLJUMLWoF_,
XlCMpfDeol@gmail.com,OIDAYCS4RCEYXQ_,
gutGqkcYwz@gmail.com,yBR20yZ5KQFItr_,
kCSrFqkiYW@gmail.com,lQS1fpMutWpH3G_,
qeHpOsqgyl@gmail.com,eHIGQNWKHf0c2M_,
duyomvzGQJ@gmail.com,KNLByaA2z4XJcn_,
GCXxjYwPei@gmail.com,KqhBdpwhPmfmVM_,
hsvXgdLzaP@gmail.com,JJ5CDWR9UKLRL1_,
CDIXwmXKwG@gmail.com,FO6SYOMbTnjVL8_,
elpzdDrUNt@gmail.com,kDA9neOWPkaDW4_,
kzrRjyxofb@gmail.com,W4gpHggRJ5OpDx_,
KjIBocrgCy@gmail.com,3EqZK1bUyZY8OI_,
cmJwJsMawW@gmail.com,rKJFLUvxnNu7dW_,
ABycUDhUAG@gmail.com,8jWLKLH8RvEpE6_,
lUdyAxHUQD@gmail.com,X3eDnR0dhDFwUI_,
nGVswlZWbj@gmail.com,SLHQKmnMxvfwPP_,
dahtGuzyXs@gmail.com,DFd8M0J7amGEyL_,
mQcaxLfsZP@gmail.com,KKO8Rw1AVObqMB_,
uBadpjnODf@gmail.com,QN0kYfePZG8EsB_,
xrfUgLCXVy@gmail.com,bOzbIW9GKEImmE_,
acVQRDjGgA@gmail.com,SZLGvrP0hAiGRN_,
MIqdyHfojg@gmail.com,BfFYGxmvYLI5wD_,
jCufozgTwY@gmail.com,6QJeOCN1tlhVR3_,
HjWPzPlPWc@gmail.com,YZ6Eq8aEECU85J_,
FnrTWOVkaW@gmail.com,uhL4ZlR7DHCv1O_,
SfUFVtSWGA@gmail.com,DGCg2WCvoOSDb3_,
LUJYPilMtv@gmail.com,CUIQBiXgSlUQ7W_,
zgdrzyLbeU@gmail.com,heFgIhTNUMOwRK_,
CMZOrxzsDg@gmail.com,e73fNzSByiN9SK_,
kIAIooYVnW@gmail.com,1AeEGHPO8HZLC7_,
BteTaknwWH@gmail.com,xCWT8nRdPjTOTx_,
UWFabEjjeo@gmail.com,VDVKaAFnXT1w6W_,
ydcGqxgFny@gmail.com,VTARZ5VHP8spAV_,
hsTgCBsJEg@gmail.com,MIT0SjPj7LNJKB_,
RCpmhlhJDz@gmail.com,5arTLvfY3sKGy5_,
PlZEJjYciO@gmail.com,qyTCvYOUhIGDeA_,
CpNwYglcxz@gmail.com,TySFPauXNAPyYs_,
JJzswCSiYM@gmail.com,WggejwkZpVeYUU_,
hgFkIzOCom@gmail.com,ISoCpODKN8BjHc_,
MlhzwzHtJK@gmail.com,GMQgpAUHiUEIWn_,
jHPnJZrJVo@gmail.com,Q7yX17FOK0ZPPa_,
ocmsIvRCCO@gmail.com,7CmiyksCAOUmHK_,
gHsTZZTMKr@gmail.com,ajGKETFKsP0sZO_,
iKULkTHCGV@gmail.com,2EDUPMHYzIXKq7_,
brEqcICIpw@gmail.com,HLiYUMCwjUIA94_,
fFOFxCMBNg@gmail.com,peF1NvT0B10Fnu_,
WsOoYVScro@gmail.com,vCSXpwJpMSMGhG_,
BFjVdCRsRc@gmail.com,zDGBBsGlCmXshJ_,
kANQWDUaej@gmail.com,MCP0XIKLUIkjSY_,
UvhHBIOfOz@gmail.com,FCMRPeq5Q6Mfnl_,
TWXiDNzkKM@gmail.com,fNZrJlDWEa6LqK_,
OWInjlmaHR@gmail.com,OfE2elCOvIDeTc_,
razAuxmgZU@gmail.com,1HoInG8MKBGi3n_,
SPpzJlYhoO@gmail.com,038PdBHsMjsAaI_,
OeJUlAXnxn@gmail.com,5cagMOH8CfaLOC_,
trmCLtwzTw@gmail.com,DQEXrSoPIPkX8F_,
ddIGwXaLFQ@gmail.com,BKH8N7MnEOwSzW_,
yCPnWlZjwP@gmail.com,jVVYYYGLytUINR_,
qsBpPacugg@gmail.com,cVLxtK60NXyUAU_,
vJbIpmVRxp@gmail.com,MIM8DGQzkGHd3G_,
ZAAmOouVho@gmail.com,IlHN5B4Tj4qhI6_,
VGzzRTSjjM@gmail.com,gAJUaLTSBgXf2x_,
TFZfqjxZWg@gmail.com,8E17u8yGiX5FYN_,
ysYZsYFZid@gmail.com,36FVXEMrWY6UxV_,
VMlzecAjjy@gmail.com,ZGChYfKADfARPv_,
ALBLreFXfq@gmail.com,YhWNNhJ0lsU7Zl_,
BHdeZuIyAa@gmail.com,GUw7TpN5AZadZ6_,
OVvXKWOmxo@gmail.com,KLIK77LwPJU8eQ_,
JEQgtpZphR@gmail.com,z5iVSKZH8wXiB2_,
AZhlJFfQoP@gmail.com,QyQ8XD5JkXuDIq_,
UlubNoPece@gmail.com,UJIo4vPPKEYZLz_,
yDpdXnYOws@gmail.com,ZmCjA539nDVyIS_,
QwXTmuvuxQ@gmail.com,DTgMHX3kXUBWWX_,
EbwTVxjznX@gmail.com,fCOh07zOwp3TeV_,
FbTxMXluyU@gmail.com,UAaHOZaCQVAJsR_,
xKwcCgkPAp@gmail.com,NVJekswHDo41YH_,
yHeRKArwLI@gmail.com,Yg5iPeZXWYipYN_,
WHeKQCemyG@gmail.com,sW2GYNIBHKwBOV_,
eKDeGxiaQW@gmail.com,NOHACFigLnR6OH_,
FTSDAkBWUx@gmail.com,zp3NVbnZUNWYFO_,
tNTJyGkXyW@gmail.com,8cSqG5FCI8NEV1_,
sVEuNmVCLN@gmail.com,mGSrqdM04PBC3U_,
zdoiaPnUyF@gmail.com,LEVDZDJub6RRuC_,
hJIgRTiIBF@gmail.com,HhWD8uXYY7Tw1i_,
apuuVtpLxQ@gmail.com,6NSZAGPbVuSE8E_,
iracBjlcEU@gmail.com,TJe9oQZOjUwiRN_,
YmazFSQjyw@gmail.com,tAcvK06SeYffy4_,
DzxgOoMkle@gmail.com,a7XCpWHwCDkJJ6_,
MPjKrLBvOy@gmail.com,ALKPFdxrGZ4suD_,
ATaljOmZVJ@gmail.com,HToX82YVAAIJIh_,
awqjsQgJdj@gmail.com,lBVPBKOVsiwfZS_,
dHkdUMuVHt@gmail.com,A0SFuXy5AVjQIW_,
szEcKtePtj@gmail.com,ltOBblTtVsTm6Y_,
CmmELBCgTt@gmail.com,R7QKAPeNEZyY79_,
aGlNLkcprf@gmail.com,IFLVEthQBRQHQE_,
mnKWQCqhVs@gmail.com,i8rbXMQE8NJteX_,
AYkjxnIJwx@gmail.com,u84xPRRCVChemF_,
XMYzycWIOQ@gmail.com,ztr0JHTQPOJvSI_,
lWwdvowpYo@gmail.com,pJCHELHXRECIIW_,
vYYVGGzzuL@gmail.com,pLlYYjVQjPss0X_,
SKtBlxbtQB@gmail.com,F8H7GD5QUMz9Xq_,
qAHOenWboQ@gmail.com,pGQUv38KvPrJ4Z_,
tfgCvXLitq@gmail.com,L2InPLkAbheY9f_,
lUfYylRTsC@gmail.com,GAcREYUWJWVL5K_,
JfKwKmCItD@gmail.com,BfLITYnKzGrLdY_,
PdsKkowTYr@gmail.com,2hCFLoAKkw5Yp9_,
rUUPHtLocL@gmail.com,5oBChHTkJZAXeF_,
sxDdivUVwc@gmail.com,fOLXDnHl2VxXRj_,
KQfARayMTp@gmail.com,YKZ37qL4NLT3XJ_,
GpspgSaJYL@gmail.com,mJPCBhCEaW3UvQ_,
mPmalnWzud@gmail.com,AWTJAOrXbVGGcX_,
KtANANCVkT@gmail.com,r8xOhBh7nX2LUg_,
qcBGSAXcUs@gmail.com,rEwDKQkvNvsUXR_,
dEvtfuOOwr@gmail.com,KMlZIeFoFCyzqD_,
OaDSrELvzz@gmail.com,YPAXRqsBBlJ1cl_,
GONWfdxXzd@gmail.com,NFGaYk6cIIuZbf_,
sqEIkhupAU@gmail.com,gdeyeiIUnElYow_,
MxcZNSwbFm@gmail.com,KBDvNWJQ0D3nWC_,
AJpMrjzADk@gmail.com,IkKs8hvOaJMWGv_,
QHPWPUHgTf@gmail.com,JxUBWBJfbbOCv0_,
xuQkPDwmOt@gmail.com,jOTlqWQUR6XUoc_,
hVsRWIiEvO@gmail.com,kURZvtD7rHHT8r_,
DARHNLltUW@gmail.com,vGI7ZHEwIXH6fr_,
izSbPgvpfP@gmail.com,oJQvKZYCXcNxFR_,
JZVBRppOIh@gmail.com,PPa0CYYTwVOe5A_,
qTJbgnQQOG@gmail.com,XSYNA4DJe8z35j_,
FQxqbauBLK@gmail.com,Ws9ATB9mTLury2_,
rNTcNSZewI@gmail.com,I6iWQVfNRAZUV0_,
rDiHdLHiVJ@gmail.com,uvAkTqMwgAaBTK_,
uLlgaITNTF@gmail.com,DvJTWRBCIHY4W9_,
TcWwmJxfaV@gmail.com,YOTo8MBGAMaqd6_,
oXNrPDBXje@gmail.com,VTBkOKFBfuERzE_,
YtXedfpkFh@gmail.com,JREOyCPDlH3FmP_,
umBAmfRDxA@gmail.com,XE1JstIN2AXKMY_,
GDkKQRjsmF@gmail.com,CfTQN2TynpOdME_,
wXbrRzZxVP@gmail.com,CGLzVMGENOWEUb_,
rIUeAuKQgn@gmail.com,MMGIVHLNMXMQPM_,
xaaLYGaznY@gmail.com,SKSKEGuTGGHLF3_,
RrqVpTYVcj@gmail.com,WJzNTSZrTah2xM_,
aoKDbFBjbo@gmail.com,DGWJtOW0KrLT8I_,
jkykfbBkRx@gmail.com,RokWnWOUELZjYa_,
iEojbetHah@gmail.com,p7FcajGNksOJEn_,
FuCLKooXMd@gmail.com,VNNH0CLePbiXAK_,
yRFcLAtJeK@gmail.com,SG8daMDZVsi2WZ_,
hUzXTcSnxs@gmail.com,WJFUgHTjDCST5l_,
NRrPygRkzp@gmail.com,LDJZLHFdZX4zYR_,
fvjdwRgLwT@gmail.com,ilJ4UREnPyBoQb_,
bwsEejduvx@gmail.com,ZWXaxKRXS8i7Xn_,
aTToLuJVAB@gmail.com,wHETSmWHjFb3w5_,
lwXpkdoqVc@gmail.com,fMWvoSqAEcDQgK_,
dHZsivroZe@gmail.com,Pr0vCsmBGAOGWA_,
HLImdaObmz@gmail.com,IRl22unEgP0r4z_,
zLBzyneSrD@gmail.com,HAHbSZ4vGAIDJy_,
EjVzYWudto@gmail.com,2ZemioEWMOrQsr_,
flbYkUJTdB@gmail.com,YPSaaEyLvJnAxD_,
mcFiTQTNPE@gmail.com,rx4Y75qC2TPNAZ_,
DuBOiJpnSs@gmail.com,6IRisHRFT9y4MG_,
dIizaCqoDo@gmail.com,KvW5OpX9umVNYV_,
DNCqqTePVp@gmail.com,BRukG7UeJztR70_,
tTFmMNJVOS@gmail.com,UZfKNfXMWUPcx9_,
cxWBQHKktT@gmail.com,RMB54CpFzQQOGg_,
KvDAbGGokZ@gmail.com,AGVPASYJMYUHpI_,
FZoOmRfPHp@gmail.com,FBKKmKqCTHWsPM_,
MzKcZpIHRr@gmail.com,FEOOrzToDsLWIW_,
DLnpspSiaN@gmail.com,oULqLRyWIWQfZK_,
TGrilVUcvS@gmail.com,WaBJ3J7ATiWCeF_,
AYvoOHsoDL@gmail.com,6phongGSrfMtFF_,
ClfpijdNNM@gmail.com,pidB5usoHJJpbW_,
RmLVokdTXG@gmail.com,JDVSYYflSM0Fdi_,
KVdrgafwKW@gmail.com,g4ft1AiODkTJHx_,
ghhmLvlIJw@gmail.com,0kRL8Iv3bOSJTN_,
sXZoiFsdnB@gmail.com,uRNoCEPbfa9Z4U_,
jELgruBtey@gmail.com,HOakNu14gDkD8N_,
zuraZhFDOC@gmail.com,YDFuLiKAS2BGHA_,
xKBICRgIOR@gmail.com,AJATAu6RSBJQWF_,
YEmMvaGeAP@gmail.com,uPBnNmgECvQ1x8_,
CyixOJPWzW@gmail.com,uU5rvrogTppARQ_,
ilvTjBGpos@gmail.com,ERB6ok3YcBWWZW_,
krbmNzXISW@gmail.com,TPExZaJoYKYTWf_,
wmvNPfmCIz@gmail.com,XO6QoJQE3LHOG6_,
FBVTEWHSgX@gmail.com,Nqzi2kiezYyUsM_,
TvdMpsHeHP@gmail.com,OmlF1zbByDX6P1_,
mQZAasNXjj@gmail.com,nZFy8Pjbs0rmBH_,
HMWUGhWQSi@gmail.com,T7UG8zkLuAD1JV_,
ygQgWgCWPN@gmail.com,YLXBddifbtPMON_,
fXSXYLwFEP@gmail.com,pqH9xKYyQzMb1X_,
kJpfGvqBvj@gmail.com,SK6GPBfLPATBVU_,
RjgIEKevRk@gmail.com,rOoIFi4tScUPTe_,
hRSCnaiMQA@gmail.com,IBQCuUHzmUMzYF_,
EQqrEheLYh@gmail.com,DjWNAW0koTBmXF_,
HIrQrgobIM@gmail.com,lgFTNMs4tHHPV1_,
AsYmrgVUAM@gmail.com,1kpycwOITe6IlD_,
kPVvutgGiS@gmail.com,NBQvnjBL6JLcOx_,
mPCGhQyDvo@gmail.com,7LRXRZl2qKqTOo_,
vgtaTMiBSt@gmail.com,dstJcEGUXvKsue_,
ZfTurMtgEG@gmail.com,ALUIGYoXF8jHLI_,
PPKeqRulNq@gmail.com,LRDDjgK38LrO5C_,
IYUhFejtyc@gmail.com,LZQWEmrh9qANBR_,
BIvFcstVYx@gmail.com,1QxdzFEswnE6HZ_,
LhuLKuQKdh@gmail.com,tHRGYkHdZiuK7b_,
MqikuJSkPi@gmail.com,tKyWoIhgmHJGW5_,
YMYXuvkcIu@gmail.com,KQPaKvRQ8IIZEg_,
hqOWhVkjGy@gmail.com,NFwiIkcXWYytJR_,
hnlYoggbqr@gmail.com,JXXLecugTAWnu3_,
puRiRGzqmF@gmail.com,9AxRNSQ2JJO7hn_,
ttSzGLqBxi@gmail.com,BJh60WUIcCHW7y_,
iNGazFDFnn@gmail.com,RlkCYVUR1aUtm9_,
LQJevYgjqw@gmail.com,5lILQ8rPBIIUOZ_,
uXGuFqFebk@gmail.com,loy8FHEZPXzhSM_,
sYZBlzvJry@gmail.com,QQzZfMDqrJPBlL_,
MgCHAmkaOL@gmail.com,ZYwrEoSMMtwsDq_,
vTxLgcPcHT@gmail.com,4AB9UfKMF09wGi_,
YnJvRrPdTn@gmail.com,LA13ysHxf6bETH_,
CWklVyOmdz@gmail.com,RpMBVTC5uASahR_,
ydzfDHjjCR@gmail.com,oQhNvaBMwEp3CH_,
KFHLiRDUHP@gmail.com,MaRJqT5EHCg9Up_,
bBRdHtwisP@gmail.com,SlxeUGSJZAsvgC_,
OUvoaEQUHZ@gmail.com,OPFUZWqZFyrtu2_,
ySSWhojYQl@gmail.com,UhwMVZWNo7YyKG_,
vxRuaxWBqD@gmail.com,Adw8OGBCnNnANI_,
irlxKwVYJR@gmail.com,7JVQuqeQdgIaKk_,
wNFkbXTJMz@gmail.com,LnJARTlNi0rMvA_,
JgfzfAUssV@gmail.com,Q0Gy44h4K3uUTb_,
KLiIwxDJbE@gmail.com,X21p7ArsCJBHvZ_,
hfcisqiSUn@gmail.com,ZL8TVZkYhm8ezV_,
qDNOjXwaXp@gmail.com,XRBqYI0J1uDGZD_,
bUUhTOWsoa@gmail.com,MCID7FOD7OUH4k_,
MghmhXyrXt@gmail.com,W76pQakPNy0HTo_,
OUYCbjzvWv@gmail.com,sRYKDXENYKPgWW_,
KrxYMGOXbD@gmail.com,UAZTNMIJZiClDy_,
CCvefblRZr@gmail.com,dOQSJFEcJRwO4F_,
xrpAIgTliN@gmail.com,A1B9Tt63HjEA9K_,
nlMJwfVvuO@gmail.com,AJKHJxwZNsVuvL_,
kgSenwUtwD@gmail.com,odOCvOZtwY9KX0_,
rwgEvXBulO@gmail.com,YHFKDDXTElTnLa_,
SOEMUGDwzN@gmail.com,hkS0YCU1FkwjfK_,
lWoGeRwxNr@gmail.com,T4SoHP4MCYG3bl_,
jyDQHAWxHR@gmail.com,tRBgCzfFVtdVWO_,
JNjxoYVWjc@gmail.com,5WmNEwVaORQSpE_,
yepUDsoWlQ@gmail.com,GbOijPeSNIIHKD_,
HNAlihEwrC@gmail.com,RIisQHAkCSsZrX_,
JNWvFbxJqO@gmail.com,KCIeFm2OsKHL5Z_,
FJVYOOBqXV@gmail.com,FBOVu0SESFKrJB_,
QbTFPnCCdi@gmail.com,OGnTZjiWsSJOH2_,
rzkEmFOHCS@gmail.com,Au06mxL4LYsPED_,
MGRetPrebB@gmail.com,VGMWidEWJ1IIM0_,
ZTNTJXeZdI@gmail.com,SVRHZgPjg7OIkU_,
nqWgMQiEOv@gmail.com,BB9qTWPYZynVXI_,
gMRCWuxQup@gmail.com,kswLFe7ZQZ2EZU_,
CgSOLdOoSC@gmail.com,Z1PjOEFtl08VNS_,
WvMelZSpwX@gmail.com,5KYdBkrt4SRFVP_,
bRqwLATHRQ@gmail.com,0AlZDTHHmWHzj2_,
HWVOLzNZYL@gmail.com,MbpPYPGf8VWYKr_,
yLCGZWAUQb@gmail.com,TV8FnNRAO3KYJ1_,
aWEUNPwiin@gmail.com,sHljBaHID9DAIS_,
JvOLREuLXr@gmail.com,HfmHCniCRJoGGY_,
PgYirKylhG@gmail.com,AX7eJsrCXApQdK_,
UiZpGhIAnV@gmail.com,tHAqfOZ9dO7DHA_,
akgeRHRmDZ@gmail.com,vaTaEaXSXCudmg_,
YQpWuTlsxW@gmail.com,KSwWDM9SEMvDAy_,
vBqrpWHrgk@gmail.com,OWmGFbDMJQPCDr_,
FHnhUjXzcL@gmail.com,K0jZFhdbJjh8KO_,
neenrsYVgG@gmail.com,zRlBanVlTWUdqM_,
StiIMlIyVT@gmail.com,J7XDkBISPaGzZG_,
iOcCGHEdwi@gmail.com,R2L39wtalvIJCS_,
KyImmvndeP@gmail.com,kMjKvLiR6UDtAO_,
xMZEHEbjVi@gmail.com,lJMmTNJEUed8TR_,
abBpZsRRxf@gmail.com,BSYup1Q3pK1d6Y_,
ZfynEisqPi@gmail.com,OTEZLPYToiSiRI_,
coXNWZVyqp@gmail.com,XTpCB7A3zFBTS8_,
KPthCunYFY@gmail.com,Aq1ERUwvHCjjl0_,
CMaaEWyphJ@gmail.com,YAWKQSRRLyexPs_,
tiqoneMbAZ@gmail.com,3O0RXGJXTYHSwp_,
sXbKhsPoaN@gmail.com,WPBhUnCKToOFnQ_,
vZDmLPOkAm@gmail.com,h17Mr6ZAjFMvoJ_,
oIjTiBeaGp@gmail.com,rYAJSM9fnDgKB6_,
WltwULdxMg@gmail.com,QRbMfXLmRWHwVU_,
nfSIgYDbSv@gmail.com,yS8OmqOpvTzZhm_,
SEliMcdras@gmail.com,rnZAdjqLFzJvDf_,
GLYgnBidZs@gmail.com,aQicYDPkJMicgX_,
yxpUfHUilp@gmail.com,OJooPBEm2wa876_,
rooiNhIRXK@gmail.com,IGHwORbKwhiUSF_,
zgjUnmfpFh@gmail.com,MSMoEZKRbUvR1p_,
MAIFHaRbjM@gmail.com,UXSkxfJJTaxdkl_,
HXDPZOJfSE@gmail.com,NIhGSpQMYCiXuk_,
gzzEsazsXz@gmail.com,zRKFKKcNSGpJnA_,
MsHNkomMLv@gmail.com,G6XXNMBAxPN9JF_,
ROVBJHWehF@gmail.com,aVHV7cKMkb2I2D_,
nNBElTeyKs@gmail.com,KAB2B5SLP6MQeS_,
YPlXaAHzkn@gmail.com,TVjE5KiHDWGA4I_,
geLbhZsHWv@gmail.com,fBpZTxZdWMjHMC_,
PBBVqemDwv@gmail.com,H6TSLPGQAEWzV5_,
qqwOHkMTYS@gmail.com,MC8M4YVyiKKgSt_,
LpZxpUCwHk@gmail.com,LefR0CCM0XPUls_,
yqwzrhiDxc@gmail.com,n7ZFyfNWGbVIfB_,
XAQIUAzFlu@gmail.com,VQBMMFTNBURmsA_,
jtrsjSYgMy@gmail.com,9QOx0EIoJHsFvT_,
owcjyvCzjf@gmail.com,FmEpWWS8xroQQi_,
HYNCpLQKxg@gmail.com,mvZICPAzBrmJJD_,
pZqLOmfNqH@gmail.com,fzFhKJbOWo5yNv_,
wBDkNQZcFE@gmail.com,qZUytUnMenYCU1_,
DwyEiSatdl@gmail.com,o3BZYE7xWzxCYR_,
QpPLGCPFTg@gmail.com,KUP9WGCTEVf2zW_,
nmeuOdRDRK@gmail.com,ZOKJv3NVLPTu5l_,
FzLSWKdnsk@gmail.com,pBJNrvMLOwFxCM_,
VHZbbTIoui@gmail.com,LvO2jKawl3yL3T_,
ONDeMSVRKV@gmail.com,yR4HVSXG2mWxDA_,
fvXtClJoVy@gmail.com,iKQDrnw7iKOQJS_,
RYfpEhuCab@gmail.com,hMVsFoBUY5KMZ4_,
zSfoLGcJLX@gmail.com,adDyHHCIrPqrQR_,
VrrQblyZws@gmail.com,SvdTRR1EhOYQED_,
ptvndjuVIa@gmail.com,q8GZ7rQCXBcsxQ_,
uaIEyPOuYo@gmail.com,unCdGrAIOrKAQh_
 
